#bench	1ms	5ms	10ms
Gapbs\\_pr	0.47413207	0.47413207	0.47413207
G500\\_sssp	0.51600517	0.51600517	0.51600517
Ycsb\\_mem	0.46965254	0.46965254	0.46965254
