#bench	th-5	th-25	th-50
Gapbs\\_pr	1.03516822	1.029433041	1.023141888
G500\\_sssp	1.121984119	1.06485869	1.062772802
Ycsb\\_mem	1.439200773	1.082034653	1.041912364
